﻿{
  "drivers": [
    {
      "type": "chrome",
      "alias": "chrome",
      "options": {
        "arguments": [
          "start-maximized",
          "disable-search-engine-choice-screen"
        ],
        "userProfilePreferences": {
          "download.default_directory": "{artifacts}"
        }
      }
    },
    {
      "type": "chrome",
      "alias": "chrome-headless",
      "options": {
        "arguments": [
          "headless=new",
          "window-size=1920,1080",
          "disable-search-engine-choice-screen"
        ],
        "userProfilePreferences": {
          "download.default_directory": "{artifacts}"
        }
      }
    }
  ],
  "culture": "en-US",
  "useAllNUnitFeatures": true,
  "logConsumers": [
    {
      "type": "nlog-file"
    }
  ]
}